accountId,type,name,address,email,phone,website,lat,lng
"03a37769-7340-e911-8104-0050569a458f","findacpa","Howell and Co Accounting Pty Ltd","13 Malakoff St, MARRICKVILLE NSW 2204, AUS","shawn@howellandco.com.au","+61417212287",,"-33.90693","151.15707"
"5c1e3615-fd7c-e311-8aaf-0050569a6ed2","findacpa","TY Francis Accounting & Taxation","Shop 1  475 Marrickville Rd, DULWICH HILL NSW 2203, AUS","helen@tyfrancis.com.au","+61433527758","http://www.tyfrancis.com.au","-33.90398","151.14342"
"dc580830-3488-e011-87e1-005056b30007","findacpa","Your Empire Business Services Pty Ltd","PO Box 270, PETERSHAM NSW 2049, AUS","emile@empirebiz.com.au","+611300760660","http://www.yourempirebiz.com.au","-33.89455","151.15503"
"49c4367b-3088-e011-87e1-005056b30007","findacpa","Crown Accounting PTY LTD","U 1  481-483 Parramatta Rd, LEICHHARDT NSW 2040, AUS","service@atax.com.au","+61297995522","http://www.aussieaccountants.com","-33.88851","151.15464"
"1cffeae3-4e5d-ec11-a3ee-0003ffc304c5","findacpa","IPM Tax & Accounting Pty Ltd","5 Crinan St, HURLSTONE PARK NSW 2193, AUS","preetig@ipmsolutions.com.au","+61423629377","http://www.ipmsolutions.com.au/","-33.90959","151.13219"
"a9b22834-4ef1-e311-9518-0050569a6ed1","findacpa","ATS Taxation & Accountancy Solutions Pty Ltd","PO Box 667, NEWTOWN NSW 2042, AUS","sbfz_wxb@yahoo.com","+61295164717",,"-33.8986","151.17935"
"d17767e0-12f0-e211-b824-0050569a6f1b","findacpa","Hong Zhou","U 8  17 Tintern Rd, ASHFIELD NSW 2131, AUS","hzhou1@gmail.com","+61478322115",,"-33.8938","151.13078"
"fbd16351-3388-e011-87e1-005056b30007","findacpa","DFK Wealth Advisors","6 Bruce St, ASHFIELD NSW 2131, AUS","jamestaxsolutions@yahoo.com.au","+61297165310",,"-33.88747","151.13249"
"49c915c2-3f94-e711-80f1-0050569a1c9a","findacpa","Alexander Coulits","U 3  85 Bourke Rd, ALEXANDRIA NSW 2015, AUS","acellen@ozemail.com.au","+61411801180",,"-33.91965","151.18756"
"95515c34-7d04-e811-80f9-0050569a458f","findacpa","Lin Li","U 1  2 Chandos St, ASHFIELD NSW 2131, AUS","linli612@gmail.com","+61402943206",,"-33.88656","151.12842"
"d3b229d9-3488-e011-87e1-005056b30007","findacpa","EndureGo Tax","U 18  6-8 Holden St, Ashfield SA 2131, AUS","endure75@gmail.com","0410829900","http://www.endurego.com.au","-33.89046","151.12584"
"c98f26ae-381e-ef11-840a-00224814fcd2","findacpa","Linix Accountants","U 1a  35-39 Bourke Rd, ALEXANDRIA NSW 2015, AUS","linxin.don@gmail.com","+61424755678","https://linixaccountants.com.au","-33.90922","151.19444"
"d8173818-2188-e011-87e1-005056b30007","findacpa","Gerard Michael Hughes","34 Ingham Ave, FIVE DOCK NSW 2046, AUS","gm.hughes@bigpond.com","+61297134404",,"-33.8704","151.13589"
"adb203fc-1c88-e011-87e1-005056b30007","findacpa","Taxellence & Co Pty Ltd","Se 5  5 King St, ROCKDALE NSW 2216, AUS","peter@taxellence.com.au","+61295563188",,"-33.95258","151.13844"
"b9e4b463-1770-ec11-b820-0003ff6fe48e","findacpa","Hy Advisory","U 205b  414 Gardeners Rd, ROSEBERY NSW 2018, AUS","vicky@hyadvisory.com","+61479023637",,"-33.92149","151.19911"