accountId,type,name,address,email,phone,website,lat,lng
"dc580830-3488-e011-87e1-005056b30007","findacpa","Your Empire Business Services Pty Ltd","PO Box 270, PETERSHAM NSW 2049, AUS","emile@empirebiz.com.au","+611300760660","http://www.yourempirebiz.com.au","-33.89455","151.15503"
"49c4367b-3088-e011-87e1-005056b30007","findacpa","Crown Accounting PTY LTD","U 1  481-483 Parramatta Rd, LEICHHARDT NSW 2040, AUS","service@atax.com.au","+61297995522","http://www.aussieaccountants.com","-33.88851","151.15464"
"03a37769-7340-e911-8104-0050569a458f","findacpa","Howell and Co Accounting Pty Ltd","13 Malakoff St, MARRICKVILLE NSW 2204, AUS","shawn@howellandco.com.au","+61417212287",,"-33.90693","151.15707"
"5c1e3615-fd7c-e311-8aaf-0050569a6ed2","findacpa","TY Francis Accounting & Taxation","Shop 1  475 Marrickville Rd, DULWICH HILL NSW 2203, AUS","helen@tyfrancis.com.au","+61433527758","http://www.tyfrancis.com.au","-33.90398","151.14342"
"fbd16351-3388-e011-87e1-005056b30007","findacpa","DFK Wealth Advisors","6 Bruce St, ASHFIELD NSW 2131, AUS","jamestaxsolutions@yahoo.com.au","+61297165310",,"-33.88747","151.13249"
"d17767e0-12f0-e211-b824-0050569a6f1b","findacpa","Hong Zhou","U 8  17 Tintern Rd, ASHFIELD NSW 2131, AUS","hzhou1@gmail.com","+61478322115",,"-33.8938","151.13078"
"1cffeae3-4e5d-ec11-a3ee-0003ffc304c5","findacpa","IPM Tax & Accounting Pty Ltd","5 Crinan St, HURLSTONE PARK NSW 2193, AUS","preetig@ipmsolutions.com.au","+61423629377","http://www.ipmsolutions.com.au/","-33.90959","151.13219"
"95515c34-7d04-e811-80f9-0050569a458f","findacpa","Lin Li","U 1  2 Chandos St, ASHFIELD NSW 2131, AUS","linli612@gmail.com","+61402943206",,"-33.88656","151.12842"
"a9b22834-4ef1-e311-9518-0050569a6ed1","findacpa","ATS Taxation & Accountancy Solutions Pty Ltd","PO Box 667, NEWTOWN NSW 2042, AUS","sbfz_wxb@yahoo.com","+61295164717",,"-33.8986","151.17935"
"d3b229d9-3488-e011-87e1-005056b30007","findacpa","EndureGo Tax","U 18  6-8 Holden St, Ashfield SA 2131, AUS","endure75@gmail.com","0410829900","http://www.endurego.com.au","-33.89046","151.12584"
"d8173818-2188-e011-87e1-005056b30007","findacpa","Gerard Michael Hughes","34 Ingham Ave, FIVE DOCK NSW 2046, AUS","gm.hughes@bigpond.com","+61297134404",,"-33.8704","151.13589"
"6d83fb0e-878b-e611-80e4-0050569a1c9a","findacpa","TINO CALTABIANO & CO","45 Clements St, RUSSELL LEA NSW 2046, AUS","tinocaltabianoco@outlook.com","+61417253601","http://www.tinocaltabiano.com","-33.86054","151.14621"
"459cfb01-8a16-ec11-811d-0050569a458f","findacpa","Nobilis NRI Taxation","299 Lyons Rd, RUSSELL LEA NSW 2046, AUS","sathyahegde@nritaxation.com.au","+61406799868","https://www.nritaxation.com.au/","-33.86052","151.14145"
"f4f5bea9-1988-e011-87e1-005056b30007","findacpa","Peppernell Consulting","Level 1, 185 Great North Rd, FIVE DOCK NSW 2046, AUS","neale@peppernellconsulting.com.au","+61297136910","http://www.peppernellconsulting.com.au/","-33.86659","151.1298"
"a6d68ba8-04c4-ef11-b8e8-00224818704c","findacpa","Trevanta Pty Ltd","5 Byron St, CROYDON NSW 2132, AUS","info@trevanta.com.au","0291271394","https://www.trevanta.com.au","-33.87364","151.12164"
"279c67c0-676b-e311-8aaf-0050569a6ed2","findacpa","DC Accounting & Advisory","Suite 404, 49-51 Queens Rd, FIVE DOCK NSW 2046, AUS","info@dcas.com.au","+61421067727","http://www.dcas.com.au","-33.87006","151.12259"
"c2da9a01-2188-e011-82c3-005056b3003f","findacpa","MBM Accountants Pty Ltd","Level 4, Unit 418, 49-51 Queens Rd, FIVE DOCK NSW 2046, AUS","Info@mbm-accountants.com.au","+61295681533","http://www.mbm-accountants.com.au","-33.87006","151.12259"
"ab328a5b-aa3a-e311-bbb1-0050569a6ed2","findacpa","Elliott, Chee, Sun & Khoe Pty Ltd","PO Box 369, DRUMMOYNE NSW 1470, AUS","jacky@elliottchee.com","+61430552567","http://www.ecsk.com.au","-33.85255","151.15283"
"8250d8e0-3288-e011-87e1-005056b30007","findacpa","CT Accountants Australia","208 Victoria Rd, DRUMMOYNE NSW 2047, AUS","ctolis@ctaccountants.com.au","+61290081391","http://www.ctaccountants.com.au","-33.85054","151.15448"
"49c915c2-3f94-e711-80f1-0050569a1c9a","findacpa","Alexander Coulits","U 3  85 Bourke Rd, ALEXANDRIA NSW 2015, AUS","acellen@ozemail.com.au","+61411801180",,"-33.91965","151.18756"
"c98f26ae-381e-ef11-840a-00224814fcd2","findacpa","Linix Accountants","U 1a  35-39 Bourke Rd, ALEXANDRIA NSW 2015, AUS","linxin.don@gmail.com","+61424755678","https://linixaccountants.com.au","-33.90922","151.19444"